month,markets,free_vendors,paid_vendors,couples,sub_rev,inquiry_rev,spotlight_rev,partner_rev,tools_rev,revenue,opex,net,cum_cash
1,1,20,0,60,33.0,43.88,498.0,19.8,0.0,594.67,1039.63,-444.95,-444.95
2,1,39,1,120,96.2,86.72,498.0,39.6,0.0,720.52,1044.81,-324.29,-769.24
3,1,57,3,180,187.02,128.62,498.0,59.4,0.0,873.04,1051.34,-178.29,-947.54
4,1,75,5,240,303.12,169.67,498.0,79.2,0.0,1049.99,1059.11,-9.12,-956.66
5,1,93,7,300,442.36,209.92,498.0,99.0,0.0,1249.28,1068.02,181.26,-775.41
6,1,111,9,360,602.76,249.45,498.0,118.8,0.0,1469.01,1077.97,391.04,-384.37
7,1,128,12,420,782.52,288.32,498.0,138.6,0.0,1707.45,1088.87,618.58,234.21
8,1,145,15,480,980.01,326.59,498.0,158.4,0.0,1963.0,1100.63,862.36,1096.58
9,1,162,18,540,1193.71,364.31,498.0,178.2,0.0,2234.21,1113.2,1121.01,2217.59
10,1,178,22,600,1422.24,401.51,498.0,198.0,0.0,2519.76,1126.49,1393.27,3610.86
11,1,195,25,660,1664.35,438.26,498.0,217.8,0.0,2818.41,1140.45,1677.96,5288.82
12,1,211,29,720,1918.88,474.58,498.0,237.6,0.0,3129.07,1155.02,1974.05,7262.86
13,1,232,33,840,2193.03,521.49,996.0,277.2,0.0,3987.71,1787.48,2200.23,9463.1
14,1,252,38,960,2485.12,567.78,996.0,316.8,0.0,4365.7,1804.89,2560.81,12023.91
15,1,273,42,1080,2793.63,613.51,996.0,356.4,0.0,4759.55,1823.1,2936.45,14960.36
16,1,293,47,1200,3117.18,658.73,996.0,396.0,0.0,5167.91,1842.05,3325.86,18286.22
17,1,313,52,1320,3454.47,703.48,996.0,435.6,0.0,5589.55,1861.67,3727.88,22014.09
18,1,332,58,1440,3804.34,747.81,996.0,475.2,0.0,6023.34,1881.92,4141.43,26155.52
19,1,352,63,1560,4165.72,791.74,996.0,514.8,0.0,6468.25,1902.72,4565.53,30721.05
20,1,371,69,1680,4537.63,835.31,996.0,554.4,0.0,6923.34,1924.05,4999.29,35720.34
21,1,390,75,1800,4919.18,878.55,996.0,594.0,0.0,7387.73,1945.85,5441.89,41162.23
22,1,410,80,1920,5309.55,921.49,996.0,633.6,0.0,7860.64,1968.08,5892.57,47054.79
23,1,429,86,2040,5707.99,964.16,996.0,673.2,0.0,8341.35,1990.7,6350.64,53405.44
24,1,447,93,2160,6113.81,1006.57,996.0,712.8,0.0,8829.19,2013.69,6815.49,60220.93
25,2,500,100,2520,6584.14,1125.54,2988.0,831.6,289.3,11818.58,2817.91,9000.67,69221.6
26,2,552,108,2880,7113.49,1242.49,2988.0,950.4,312.56,12606.94,2852.76,9754.18,78975.79
27,2,603,117,3240,7696.84,1357.61,2988.0,1069.2,338.19,13449.84,2890.34,10559.5,89535.29
28,2,654,126,3600,8329.61,1471.04,2988.0,1188.0,366.0,14342.64,2930.41,11412.23,100947.52
29,2,704,136,3960,9007.59,1582.92,2988.0,1306.8,395.79,15281.1,2972.77,12308.33,113255.85
30,2,753,147,4320,9726.95,1693.4,2988.0,1425.6,427.4,16261.34,3017.22,13244.13,126499.98
31,2,801,159,4680,10484.16,1802.59,2988.0,1544.4,460.67,17279.81,3063.57,14216.23,140716.21
32,2,849,171,5040,11276.0,1910.59,2988.0,1663.2,495.46,18333.25,3111.68,15221.57,155937.78
33,2,897,183,5400,12099.54,2017.52,2988.0,1782.0,531.65,19418.7,3161.39,16257.31,172195.1
34,2,944,196,5760,12952.08,2123.45,2988.0,1900.8,569.11,20533.44,3212.56,17320.88,189515.97
35,2,990,210,6120,13831.15,2228.48,2988.0,2019.6,607.73,21674.97,3265.07,18409.9,207925.87
36,2,1037,223,6480,14734.51,2332.69,2988.0,2138.4,647.43,22841.02,3318.81,19522.21,227448.08
